Place_Of_Srvc,mean,count,denial_rate_pct
F,0.2636047014708043,3464703,26.360470147080427
O,0.16511444569152617,6316970,16.511444569152616
